{
  "average_frame_build_time_millis": 4.707462068965518,
  "90th_percentile_frame_build_time_millis": 7.52,
  "99th_percentile_frame_build_time_millis": 10.417,
  "worst_frame_build_time_millis": 10.793,
  "missed_frame_build_budget_count": 0,
  "average_frame_rasterizer_time_millis": 4.62861379310345,
  "90th_percentile_frame_rasterizer_time_millis": 5.593,
  "99th_percentile_frame_rasterizer_time_millis": 24.741,
  "worst_frame_rasterizer_time_millis": 68.186,
  "missed_frame_rasterizer_budget_count": 2,
  "frame_count": 145,
  "frame_rasterizer_count": 145,
  "new_gen_gc_count": 34,
  "old_gen_gc_count": 8,
  "frame_build_times": [
    6381,
    4228,
    3537,
    5247,
    5846,
    4059,
    6293,
    2561,
    4014,
    3060,
    2143,
    1667,
    3112,
    3141,
    5080,
    2861,
    4488,
    2894,
    2866,
    3042,
    2934,
    4483,
    3055,
    2897,
    4546,
    3017,
    2870,
    2896,
    4286,
    4602,
    2946,
    2935,
    2774,
    2993,
    3049,
    2930,
    2885,
    345,
    338,
    475,
    430,
    307,
    8446,
    940,
    10793,
    1307,
    10414,
    859,
    656,
    7036,
    7520,
    7791,
    7538,
    7496,
    4963,
    7490,
    3407,
    4117,
    7027,
    7424,
    5938,
    7325,
    6191,
    3546,
    7618,
    4799,
    5322,
    5191,
    8504,
    5097,
    8363,
    6105,
    5267,
    7467,
    5935,
    8089,
    6057,
    6392,
    8306,
    6407,
    6637,
    6366,
    8482,
    6328,
    5841,
    5628,
    5936,
    6074,
    6585,
    8100,
    6612,
    10417,
    8913,
    5205,
    6674,
    5988,
    5965,
    6010,
    6235,
    5951,
    4438,
    5863,
    6380,
    5830,
    5812,
    6507,
    3987,
    3781,
    6210,
    6134,
    6054,
    3874,
    6154,
    5903,
    3761,
    5316,
    3017,
    3217,
    2891,
    3176,
    3024,
    2801,
    3099,
    4085,
    1566,
    3116,
    3335,
    3068,
    2946,
    2922,
    2897,
    2842,
    6600,
    6498,
    2676,
    3009,
    2735,
    3157,
    4584,
    3114,
    2779,
    2996,
    3001,
    3092,
    2732
  ],
  "frame_rasterizer_times": [
    2854,
    9422,
    3746,
    4045,
    3632,
    6467,
    3264,
    5264,
    5622,
    68186,
    2043,
    1970,
    4358,
    2972,
    4596,
    4912,
    4400,
    4971,
    2810,
    5196,
    5394,
    4953,
    4966,
    4899,
    4683,
    4780,
    4561,
    6287,
    4569,
    4759,
    4910,
    4814,
    3065,
    3893,
    3346,
    2826,
    2857,
    2384,
    3324,
    3111,
    1128,
    1017,
    5668,
    2180,
    3701,
    3874,
    4547,
    2049,
    2466,
    4484,
    3755,
    4250,
    6805,
    4593,
    3938,
    4435,
    1841,
    2364,
    7608,
    4265,
    3978,
    1602,
    1713,
    3282,
    7732,
    2185,
    2089,
    3813,
    4744,
    3629,
    4029,
    4352,
    4003,
    3080,
    3441,
    4767,
    4351,
    7861,
    4387,
    3869,
    3610,
    3407,
    4626,
    3986,
    3878,
    4226,
    4089,
    4250,
    4317,
    4562,
    7305,
    3019,
    4476,
    3547,
    4055,
    4795,
    3919,
    4004,
    5593,
    3637,
    4253,
    3790,
    3401,
    3095,
    4089,
    7034,
    3379,
    2704,
    3896,
    4285,
    3846,
    3075,
    3876,
    6458,
    3835,
    4394,
    4503,
    3802,
    4583,
    4044,
    4094,
    3092,
    24741,
    2556,
    2697,
    3958,
    3442,
    4035,
    3965,
    4051,
    4144,
    3926,
    3628,
    3773,
    4164,
    3901,
    4082,
    5216,
    4795,
    4415,
    2969,
    3288,
    3568,
    3212,
    2808
  ],
  "frame_begin_times": [
    0,
    16331,
    32984,
    49620,
    66325,
    83100,
    99714,
    116262,
    133557,
    149993,
    171463,
    232961,
    249911,
    266499,
    283554,
    300178,
    316696,
    333452,
    349760,
    366378,
    382934,
    399795,
    416381,
    433153,
    449792,
    466340,
    482949,
    499547,
    516315,
    532892,
    549634,
    566611,
    582895,
    599934,
    616420,
    633020,
    649696,
    666799,
    683425,
    700589,
    717340,
    733913,
    750859,
    767357,
    783042,
    799673,
    816339,
    832815,
    849596,
    866396,
    883069,
    899614,
    916060,
    932765,
    949316,
    965974,
    982385,
    999088,
    1015789,
    1032422,
    1049050,
    1065658,
    1082248,
    1099007,
    1115763,
    1134147,
    1149860,
    1165908,
    1182681,
    1199262,
    1216059,
    1232760,
    1249370,
    1266038,
    1282690,
    1299359,
    1316106,
    1332673,
    1349485,
    1366241,
    1382892,
    1399353,
    1416008,
    1432527,
    1449222,
    1465754,
    1482453,
    1499104,
    1515724,
    1532346,
    1549104,
    1568305,
    1599124,
    1615564,
    1632351,
    1648920,
    1665645,
    1682251,
    1698968,
    1715695,
    1732265,
    1748878,
    1765624,
    1782162,
    1798784,
    1815740,
    1832158,
    1848733,
    1865547,
    1882152,
    1898847,
    1915506,
    1932093,
    1948672,
    1965686,
    1982157,
    1998827,
    2015666,
    2032575,
    2048850,
    2065549,
    2082035,
    2098809,
    2121048,
    2131795,
    2148949,
    2165542,
    2182093,
    2198709,
    2215415,
    2232007,
    2249660,
    2265339,
    2281863,
    2298599,
    2315274,
    2331910,
    2348354,
    2365231,
    2381913,
    2398455,
    2415145,
    2431771,
    2448439,
    2465053
  ],
  "frame_rasterizer_begin_times": [
    0,
    14264,
    31468,
    48796,
    65955,
    80885,
    99743,
    113588,
    131615,
    147546,
    215779,
    229970,
    247365,
    263927,
    280913,
    297668,
    314699,
    331332,
    347128,
    364348,
    380381,
    397253,
    413874,
    430565,
    447219,
    463722,
    480255,
    497352,
    513750,
    530315,
    547021,
    564028,
    580199,
    597390,
    613957,
    630421,
    647568,
    663391,
    680014,
    697761,
    714558,
    730902,
    753117,
    765820,
    785561,
    796225,
    819577,
    829274,
    846504,
    866789,
    884207,
    900647,
    916987,
    933738,
    948301,
    966808,
    980756,
    997628,
    1016314,
    1033284,
    1048362,
    1065693,
    1080478,
    1096830,
    1116632,
    1139004,
    1149025,
    1165055,
    1184349,
    1198403,
    1217787,
    1232318,
    1248491,
    1267029,
    1282220,
    1300547,
    1315618,
    1332411,
    1350800,
    1366163,
    1382841,
    1399160,
    1417809,
    1432226,
    1448842,
    1464938,
    1481950,
    1498708,
    1515499,
    1533736,
    1548889,
    1567764,
    1601394,
    1614737,
    1632381,
    1648444,
    1665104,
    1681711,
    1699105,
    1715210,
    1730359,
    1748405,
    1765419,
    1781570,
    1798683,
    1815554,
    1829955,
    1847325,
    1865197,
    1881806,
    1898440,
    1913295,
    1931729,
    1948200,
    1963381,
    1980575,
    1996291,
    2013212,
    2030023,
    2046515,
    2063000,
    2079376,
    2096199,
    2121180,
    2128687,
    2146528,
    2163149,
    2179565,
    2196103,
    2212778,
    2229439,
    2249169,
    2262597,
    2279061,
    2295863,
    2312624,
    2329298,
    2346437,
    2362650,
    2379440,
    2395778,
    2412501,
    2429706,
    2446453,
    2462332
  ],
  "average_vsync_transitions_missed": 1.3333333333333333,
  "90th_percentile_vsync_transitions_missed": 2.0,
  "99th_percentile_vsync_transitions_missed": 2.0,
  "average_vsync_frame_lag": 0.0,
  "90th_percentile_vsync_frame_lag": 0.0,
  "99th_percentile_vsync_frame_lag": 0.0,
  "average_layer_cache_count": 0.0,
  "90th_percentile_layer_cache_count": 0.0,
  "99th_percentile_layer_cache_count": 0.0,
  "worst_layer_cache_count": 0.0,
  "average_layer_cache_memory": 0.0,
  "90th_percentile_layer_cache_memory": 0.0,
  "99th_percentile_layer_cache_memory": 0.0,
  "worst_layer_cache_memory": 0.0,
  "average_picture_cache_count": 4.551724137931035,
  "90th_percentile_picture_cache_count": 9.0,